PRAGMA foreign_keys=OFF;
BEGIN TRANSACTION;
CREATE TABLE IF NOT EXISTS "django_migrations" ("id" integer NOT NULL PRIMARY KEY AUTOINCREMENT, "app" varchar(255) NOT NULL, "name" varchar(255) NOT NULL, "applied" datetime NOT NULL);
INSERT INTO django_migrations VALUES(1,'contenttypes','0001_initial','2024-12-08 09:33:55.039744');
INSERT INTO django_migrations VALUES(2,'auth','0001_initial','2024-12-08 09:33:55.060759');
INSERT INTO django_migrations VALUES(3,'Products','0001_initial','2024-12-08 09:33:55.076430');
INSERT INTO django_migrations VALUES(4,'Carts','0001_initial','2024-12-08 09:33:55.097706');
INSERT INTO django_migrations VALUES(5,'admin','0001_initial','2024-12-08 09:33:55.117318');
INSERT INTO django_migrations VALUES(6,'admin','0002_logentry_remove_auto_add','2024-12-08 09:33:55.132481');
INSERT INTO django_migrations VALUES(7,'admin','0003_logentry_add_action_flag_choices','2024-12-08 09:33:55.144513');
INSERT INTO django_migrations VALUES(8,'contenttypes','0002_remove_content_type_name','2024-12-08 09:33:55.162308');
INSERT INTO django_migrations VALUES(9,'auth','0002_alter_permission_name_max_length','2024-12-08 09:33:55.180324');
INSERT INTO django_migrations VALUES(10,'auth','0003_alter_user_email_max_length','2024-12-08 09:33:55.197440');
INSERT INTO django_migrations VALUES(11,'auth','0004_alter_user_username_opts','2024-12-08 09:33:55.210415');
INSERT INTO django_migrations VALUES(12,'auth','0005_alter_user_last_login_null','2024-12-08 09:33:55.223501');
INSERT INTO django_migrations VALUES(13,'auth','0006_require_contenttypes_0002','2024-12-08 09:33:55.231548');
INSERT INTO django_migrations VALUES(14,'auth','0007_alter_validators_add_error_messages','2024-12-08 09:33:55.242668');
INSERT INTO django_migrations VALUES(15,'auth','0008_alter_user_username_max_length','2024-12-08 09:33:55.256434');
INSERT INTO django_migrations VALUES(16,'auth','0009_alter_user_last_name_max_length','2024-12-08 09:33:55.270644');
INSERT INTO django_migrations VALUES(17,'auth','0010_alter_group_name_max_length','2024-12-08 09:33:55.286719');
INSERT INTO django_migrations VALUES(18,'auth','0011_update_proxy_permissions','2024-12-08 09:33:55.300922');
INSERT INTO django_migrations VALUES(19,'auth','0012_alter_user_first_name_max_length','2024-12-08 09:33:55.312558');
INSERT INTO django_migrations VALUES(20,'sessions','0001_initial','2024-12-08 09:33:55.328269');
CREATE TABLE IF NOT EXISTS "auth_group_permissions" ("id" integer NOT NULL PRIMARY KEY AUTOINCREMENT, "group_id" integer NOT NULL REFERENCES "auth_group" ("id") DEFERRABLE INITIALLY DEFERRED, "permission_id" integer NOT NULL REFERENCES "auth_permission" ("id") DEFERRABLE INITIALLY DEFERRED);
CREATE TABLE IF NOT EXISTS "auth_user_groups" ("id" integer NOT NULL PRIMARY KEY AUTOINCREMENT, "user_id" integer NOT NULL REFERENCES "auth_user" ("id") DEFERRABLE INITIALLY DEFERRED, "group_id" integer NOT NULL REFERENCES "auth_group" ("id") DEFERRABLE INITIALLY DEFERRED);
CREATE TABLE IF NOT EXISTS "auth_user_user_permissions" ("id" integer NOT NULL PRIMARY KEY AUTOINCREMENT, "user_id" integer NOT NULL REFERENCES "auth_user" ("id") DEFERRABLE INITIALLY DEFERRED, "permission_id" integer NOT NULL REFERENCES "auth_permission" ("id") DEFERRABLE INITIALLY DEFERRED);
CREATE TABLE IF NOT EXISTS "Products_producttag" ("id" integer NOT NULL PRIMARY KEY AUTOINCREMENT, "name" varchar(100) NOT NULL, "created_at" datetime NOT NULL, "updated_at" datetime NOT NULL);
INSERT INTO Products_producttag VALUES(1,'Jacket','2024-12-08 09:59:55.175022','2024-12-08 09:59:55.175022');
INSERT INTO Products_producttag VALUES(3,'T Shirt','2024-12-08 10:00:05.745681','2024-12-08 10:00:05.745681');
INSERT INTO Products_producttag VALUES(4,'Accessory','2024-12-08 10:00:11.958524','2024-12-08 10:00:11.958524');
INSERT INTO Products_producttag VALUES(5,'Jewellry','2024-12-08 10:00:17.036882','2024-12-08 10:00:17.036882');
INSERT INTO Products_producttag VALUES(6,'Pants','2024-12-08 10:04:28.340406','2024-12-08 10:04:28.340406');
INSERT INTO Products_producttag VALUES(7,'Loungewear','2024-12-08 10:04:42.938725','2024-12-08 10:04:42.938725');
CREATE TABLE IF NOT EXISTS "Products_product_tags" ("id" integer NOT NULL PRIMARY KEY AUTOINCREMENT, "product_id" bigint NOT NULL REFERENCES "Products_product" ("id") DEFERRABLE INITIALLY DEFERRED, "producttag_id" bigint NOT NULL REFERENCES "Products_producttag" ("id") DEFERRABLE INITIALLY DEFERRED);
INSERT INTO Products_product_tags VALUES(1,1,1);
INSERT INTO Products_product_tags VALUES(2,2,6);
INSERT INTO Products_product_tags VALUES(3,3,7);
INSERT INTO Products_product_tags VALUES(4,4,1);
INSERT INTO Products_product_tags VALUES(5,5,3);
INSERT INTO Products_product_tags VALUES(6,6,4);
INSERT INTO Products_product_tags VALUES(7,7,5);
CREATE TABLE IF NOT EXISTS "django_admin_log" ("id" integer NOT NULL PRIMARY KEY AUTOINCREMENT, "object_id" text NULL, "object_repr" varchar(200) NOT NULL, "action_flag" smallint unsigned NOT NULL CHECK ("action_flag" >= 0), "change_message" text NOT NULL, "content_type_id" integer NULL REFERENCES "django_content_type" ("id") DEFERRABLE INITIALLY DEFERRED, "user_id" integer NOT NULL REFERENCES "auth_user" ("id") DEFERRABLE INITIALLY DEFERRED, "action_time" datetime NOT NULL);
INSERT INTO django_admin_log VALUES(1,'1','Jacket',1,'[{"added": {}}]',3,1,'2024-12-08 09:59:55.176528');
INSERT INTO django_admin_log VALUES(2,'2','T Shirt',1,'[{"added": {}}]',3,1,'2024-12-08 10:00:01.982458');
INSERT INTO django_admin_log VALUES(3,'3','T Shirt',1,'[{"added": {}}]',3,1,'2024-12-08 10:00:05.747188');
INSERT INTO django_admin_log VALUES(4,'4','Accessory',1,'[{"added": {}}]',3,1,'2024-12-08 10:00:11.959533');
INSERT INTO django_admin_log VALUES(5,'5','Jewellry',1,'[{"added": {}}]',3,1,'2024-12-08 10:00:17.037889');
INSERT INTO django_admin_log VALUES(6,'2','T Shirt',3,'',3,1,'2024-12-08 10:01:59.062163');
INSERT INTO django_admin_log VALUES(7,'1','Product object (1)',1,'[{"added": {}}]',4,1,'2024-12-08 10:04:14.698531');
INSERT INTO django_admin_log VALUES(8,'6','Pants',1,'[{"added": {}}]',3,1,'2024-12-08 10:04:28.341409');
INSERT INTO django_admin_log VALUES(9,'2','Product object (2)',1,'[{"added": {}}]',4,1,'2024-12-08 10:04:31.440616');
INSERT INTO django_admin_log VALUES(10,'7','Loungewear',1,'[{"added": {}}]',3,1,'2024-12-08 10:04:42.939722');
INSERT INTO django_admin_log VALUES(11,'3','Product object (3)',1,'[{"added": {}}]',4,1,'2024-12-08 10:04:46.656668');
INSERT INTO django_admin_log VALUES(12,'4','Product object (4)',1,'[{"added": {}}]',4,1,'2024-12-08 10:04:52.287558');
INSERT INTO django_admin_log VALUES(13,'5','Product object (5)',1,'[{"added": {}}]',4,1,'2024-12-08 10:04:58.101627');
INSERT INTO django_admin_log VALUES(14,'6','Product object (6)',1,'[{"added": {}}]',4,1,'2024-12-08 10:05:06.751133');
INSERT INTO django_admin_log VALUES(15,'7','Product object (7)',1,'[{"added": {}}]',4,1,'2024-12-08 10:05:14.763878');
INSERT INTO django_admin_log VALUES(16,'7','Product object (7)',2,'[{"changed": {"fields": ["Cost"]}}]',4,1,'2024-12-08 10:23:11.884248');
INSERT INTO django_admin_log VALUES(17,'6','Product object (6)',2,'[{"changed": {"fields": ["Cost"]}}]',4,1,'2024-12-08 10:23:21.147207');
INSERT INTO django_admin_log VALUES(18,'5','Product object (5)',2,'[{"changed": {"fields": ["Cost"]}}]',4,1,'2024-12-08 10:23:30.163399');
INSERT INTO django_admin_log VALUES(19,'4','Product object (4)',2,'[{"changed": {"fields": ["Cost"]}}]',4,1,'2024-12-08 10:23:43.815298');
INSERT INTO django_admin_log VALUES(20,'2','Product object (2)',2,'[{"changed": {"fields": ["Cost"]}}]',4,1,'2024-12-08 10:23:52.769642');
INSERT INTO django_admin_log VALUES(21,'1','Product object (1)',2,'[{"changed": {"fields": ["Cost"]}}]',4,1,'2024-12-08 10:24:03.799884');
INSERT INTO django_admin_log VALUES(22,'3','Product object (3)',2,'[{"changed": {"fields": ["Cost"]}}]',4,1,'2024-12-08 10:24:15.688389');
CREATE TABLE IF NOT EXISTS "django_content_type" ("id" integer NOT NULL PRIMARY KEY AUTOINCREMENT, "app_label" varchar(100) NOT NULL, "model" varchar(100) NOT NULL);
INSERT INTO django_content_type VALUES(1,'Carts','cart');
INSERT INTO django_content_type VALUES(2,'Carts','cartitem');
INSERT INTO django_content_type VALUES(3,'Products','producttag');
INSERT INTO django_content_type VALUES(4,'Products','product');
INSERT INTO django_content_type VALUES(5,'admin','logentry');
INSERT INTO django_content_type VALUES(6,'auth','permission');
INSERT INTO django_content_type VALUES(7,'auth','group');
INSERT INTO django_content_type VALUES(8,'auth','user');
INSERT INTO django_content_type VALUES(9,'contenttypes','contenttype');
INSERT INTO django_content_type VALUES(10,'sessions','session');
CREATE TABLE IF NOT EXISTS "auth_permission" ("id" integer NOT NULL PRIMARY KEY AUTOINCREMENT, "content_type_id" integer NOT NULL REFERENCES "django_content_type" ("id") DEFERRABLE INITIALLY DEFERRED, "codename" varchar(100) NOT NULL, "name" varchar(255) NOT NULL);
INSERT INTO auth_permission VALUES(1,1,'add_cart','Can add cart');
INSERT INTO auth_permission VALUES(2,1,'change_cart','Can change cart');
INSERT INTO auth_permission VALUES(3,1,'delete_cart','Can delete cart');
INSERT INTO auth_permission VALUES(4,1,'view_cart','Can view cart');
INSERT INTO auth_permission VALUES(5,2,'add_cartitem','Can add cart item');
INSERT INTO auth_permission VALUES(6,2,'change_cartitem','Can change cart item');
INSERT INTO auth_permission VALUES(7,2,'delete_cartitem','Can delete cart item');
INSERT INTO auth_permission VALUES(8,2,'view_cartitem','Can view cart item');
INSERT INTO auth_permission VALUES(9,3,'add_producttag','Can add product tag');
INSERT INTO auth_permission VALUES(10,3,'change_producttag','Can change product tag');
INSERT INTO auth_permission VALUES(11,3,'delete_producttag','Can delete product tag');
INSERT INTO auth_permission VALUES(12,3,'view_producttag','Can view product tag');
INSERT INTO auth_permission VALUES(13,4,'add_product','Can add product');
INSERT INTO auth_permission VALUES(14,4,'change_product','Can change product');
INSERT INTO auth_permission VALUES(15,4,'delete_product','Can delete product');
INSERT INTO auth_permission VALUES(16,4,'view_product','Can view product');
INSERT INTO auth_permission VALUES(17,5,'add_logentry','Can add log entry');
INSERT INTO auth_permission VALUES(18,5,'change_logentry','Can change log entry');
INSERT INTO auth_permission VALUES(19,5,'delete_logentry','Can delete log entry');
INSERT INTO auth_permission VALUES(20,5,'view_logentry','Can view log entry');
INSERT INTO auth_permission VALUES(21,6,'add_permission','Can add permission');
INSERT INTO auth_permission VALUES(22,6,'change_permission','Can change permission');
INSERT INTO auth_permission VALUES(23,6,'delete_permission','Can delete permission');
INSERT INTO auth_permission VALUES(24,6,'view_permission','Can view permission');
INSERT INTO auth_permission VALUES(25,7,'add_group','Can add group');
INSERT INTO auth_permission VALUES(26,7,'change_group','Can change group');
INSERT INTO auth_permission VALUES(27,7,'delete_group','Can delete group');
INSERT INTO auth_permission VALUES(28,7,'view_group','Can view group');
INSERT INTO auth_permission VALUES(29,8,'add_user','Can add user');
INSERT INTO auth_permission VALUES(30,8,'change_user','Can change user');
INSERT INTO auth_permission VALUES(31,8,'delete_user','Can delete user');
INSERT INTO auth_permission VALUES(32,8,'view_user','Can view user');
INSERT INTO auth_permission VALUES(33,9,'add_contenttype','Can add content type');
INSERT INTO auth_permission VALUES(34,9,'change_contenttype','Can change content type');
INSERT INTO auth_permission VALUES(35,9,'delete_contenttype','Can delete content type');
INSERT INTO auth_permission VALUES(36,9,'view_contenttype','Can view content type');
INSERT INTO auth_permission VALUES(37,10,'add_session','Can add session');
INSERT INTO auth_permission VALUES(38,10,'change_session','Can change session');
INSERT INTO auth_permission VALUES(39,10,'delete_session','Can delete session');
INSERT INTO auth_permission VALUES(40,10,'view_session','Can view session');
CREATE TABLE IF NOT EXISTS "auth_group" ("id" integer NOT NULL PRIMARY KEY AUTOINCREMENT, "name" varchar(150) NOT NULL UNIQUE);
CREATE TABLE IF NOT EXISTS "auth_user" ("id" integer NOT NULL PRIMARY KEY AUTOINCREMENT, "password" varchar(128) NOT NULL, "last_login" datetime NULL, "is_superuser" bool NOT NULL, "username" varchar(150) NOT NULL UNIQUE, "last_name" varchar(150) NOT NULL, "email" varchar(254) NOT NULL, "is_staff" bool NOT NULL, "is_active" bool NOT NULL, "date_joined" datetime NOT NULL, "first_name" varchar(150) NOT NULL);
INSERT INTO auth_user VALUES(1,'pbkdf2_sha256$870000$oydajWGJ1IkIeZ7bpgtOyS$HQB+D250j96+vXYp69UYbGWCLHetOnOp3ozuhM62PmM=','2024-12-08 09:59:26.222426',1,'A','','asim4ch@gmail.com',1,1,'2024-12-08 09:58:58.258986','');
INSERT INTO auth_user VALUES(2,'pbkdf2_sha256$870000$DCdI7HbjfLIpUt0QySpD2o$0DlXy0pu5TCIq7U3lRSclPfGb4ilmUoNaEXrQQIv174=',NULL,0,'tauser','','tauser@example.com',0,1,'2024-12-08 10:20:54.784370','');
INSERT INTO auth_user VALUES(3,'pbkdf2_sha256$870000$yYhzk3XGJ5Hw65GiLHrsUO$XF/vLjaEiTcqslZ/eCLcfILdkWp42hc0TL1G6RjWk5k=',NULL,0,'testuser','','testyuser@example.com',0,1,'2024-12-08 13:36:18.324819','');
INSERT INTO auth_user VALUES(4,'pbkdf2_sha256$870000$W4eq5thHegBna4oRunmCTh$Tj1H6r9orT2RA3kAcJFbybBbDpFTpsgkvbhUf+AG8Js=',NULL,0,'hello','','testyusr@example.com',0,1,'2024-12-08 18:38:03.073764','');
CREATE TABLE IF NOT EXISTS "django_session" ("session_key" varchar(40) NOT NULL PRIMARY KEY, "session_data" text NOT NULL, "expire_date" datetime NOT NULL);
INSERT INTO django_session VALUES('02ls77qsey5etfpjg121x8fkcjxkmkxn','.eJxVjEEOwiAQRe_C2hBgKC0u3XuGZoYZpGpoUtqV8e7apAvd_vfef6kRt7WMW5NlnFidlVWn340wPaTugO9Yb7NOc12XifSu6IM2fZ1ZnpfD_Tso2Mq3diGgcCafBeNgMXjou2BsR-AiJ-rIGXCAZKIBkyD2g-_B5SGJOKas3h_fMTfF:1tKE4U:3Rf26ZRsFfrJiyRYN7cYaAyGNhvbzYLKZyED8puU6iA','2024-12-22 09:59:26.229501');
CREATE TABLE IF NOT EXISTS "Products_product" (
"id" INTEGER,
  "Name" TEXT,
  "Cost" REAL,
  "Quantity" REAL
);
INSERT INTO Products_product VALUES(1,'SLY Hillbilly Jacket',555.5499999999999546,10.0);
INSERT INTO Products_product VALUES(2,'SLY Grunge GTS Jeans',111.1099999999999995,9.0);
INSERT INTO Products_product VALUES(3,'Versace Robe',310.0,9.0);
INSERT INTO Products_product VALUES(4,'SLY LiterBike Jacket',666.4700000000000272,10.0);
INSERT INTO Products_product VALUES(5,'SLY Poikilotherm Tee',44.43999999999999773,9.0);
INSERT INTO Products_product VALUES(6,'OSBATT Beanie',35.0,9.0);
INSERT INTO Products_product VALUES(7,'Alyx Chain',500.0,10.0);
INSERT INTO Products_product VALUES(8,'1241 Jacket',1241.0,10.0);
INSERT INTO Products_product VALUES(9,'NH32 Jeans',2324.0,10.0);
CREATE TABLE IF NOT EXISTS "Carts_cartitem" (
"id" INTEGER,
  "quantity" INTEGER,
  "cart_id" INTEGER,
  "product_id" INTEGER
);
INSERT INTO Carts_cartitem VALUES(2,1,1,2);
INSERT INTO Carts_cartitem VALUES(6,1,3,3);
INSERT INTO Carts_cartitem VALUES(7,1,3,5);
INSERT INTO Carts_cartitem VALUES(8,1,3,6);
CREATE TABLE IF NOT EXISTS "Carts_cart" (
"id" INTEGER,
  "user_id" INTEGER
);
INSERT INTO Carts_cart VALUES(1,2);
INSERT INTO Carts_cart VALUES(2,3);
INSERT INTO Carts_cart VALUES(3,4);
INSERT INTO sqlite_sequence VALUES('django_migrations',20);
INSERT INTO sqlite_sequence VALUES('Products_producttag',7);
INSERT INTO sqlite_sequence VALUES('Products_product_tags',7);
INSERT INTO sqlite_sequence VALUES('django_admin_log',22);
INSERT INTO sqlite_sequence VALUES('django_content_type',10);
INSERT INTO sqlite_sequence VALUES('auth_permission',40);
INSERT INTO sqlite_sequence VALUES('auth_user',4);
INSERT INTO sqlite_sequence VALUES('django_migrations',20);
INSERT INTO sqlite_sequence VALUES('Products_producttag',7);
INSERT INTO sqlite_sequence VALUES('Products_product_tags',7);
INSERT INTO sqlite_sequence VALUES('django_admin_log',22);
INSERT INTO sqlite_sequence VALUES('django_content_type',10);
INSERT INTO sqlite_sequence VALUES('auth_permission',40);
INSERT INTO sqlite_sequence VALUES('auth_user',4);
INSERT INTO sqlite_sequence VALUES('django_migrations',20);
INSERT INTO sqlite_sequence VALUES('django_admin_log',22);
INSERT INTO sqlite_sequence VALUES('django_content_type',10);
INSERT INTO sqlite_sequence VALUES('auth_permission',40);
INSERT INTO sqlite_sequence VALUES('auth_group',0);
INSERT INTO sqlite_sequence VALUES('auth_user',4);
INSERT INTO sqlite_sequence VALUES('Products_producttag',7);
INSERT INTO sqlite_sequence VALUES('Products_product_tags',7);
CREATE UNIQUE INDEX "auth_group_permissions_group_id_permission_id_0cd325b0_uniq" ON "auth_group_permissions" ("group_id", "permission_id");
CREATE INDEX "auth_group_permissions_group_id_b120cbf9" ON "auth_group_permissions" ("group_id");
CREATE INDEX "auth_group_permissions_permission_id_84c5c92e" ON "auth_group_permissions" ("permission_id");
CREATE UNIQUE INDEX "auth_user_groups_user_id_group_id_94350c0c_uniq" ON "auth_user_groups" ("user_id", "group_id");
CREATE INDEX "auth_user_groups_user_id_6a12ed8b" ON "auth_user_groups" ("user_id");
CREATE INDEX "auth_user_groups_group_id_97559544" ON "auth_user_groups" ("group_id");
CREATE UNIQUE INDEX "auth_user_user_permissions_user_id_permission_id_14a6b632_uniq" ON "auth_user_user_permissions" ("user_id", "permission_id");
CREATE INDEX "auth_user_user_permissions_user_id_a95ead1b" ON "auth_user_user_permissions" ("user_id");
CREATE INDEX "auth_user_user_permissions_permission_id_1fbb5f2c" ON "auth_user_user_permissions" ("permission_id");
CREATE UNIQUE INDEX "Products_product_tags_product_id_producttag_id_4ae7b916_uniq" ON "Products_product_tags" ("product_id", "producttag_id");
CREATE INDEX "Products_product_tags_product_id_83d96526" ON "Products_product_tags" ("product_id");
CREATE INDEX "Products_product_tags_producttag_id_6446a601" ON "Products_product_tags" ("producttag_id");
CREATE INDEX "django_admin_log_content_type_id_c4bce8eb" ON "django_admin_log" ("content_type_id");
CREATE INDEX "django_admin_log_user_id_c564eba6" ON "django_admin_log" ("user_id");
CREATE UNIQUE INDEX "django_content_type_app_label_model_76bd3d3b_uniq" ON "django_content_type" ("app_label", "model");
CREATE UNIQUE INDEX "auth_permission_content_type_id_codename_01ab375a_uniq" ON "auth_permission" ("content_type_id", "codename");
CREATE INDEX "auth_permission_content_type_id_2f476e4b" ON "auth_permission" ("content_type_id");
CREATE INDEX "django_session_expire_date_a5c62663" ON "django_session" ("expire_date");
COMMIT;
